banner,count,id,image,limit,page,s_desc,s_image,s_title,s_url,title,url,v_url,votes,win
winner_reconstruction.png,149,799,thumb/E5B4F88A-889A-4DE4-96E7-BBF0099166CF.jpg,12,0,Помогите нашей школе получить новый санузел или продукцию Domestos!,https://www.promonado.ru/domestos-schools/pic/share.jpg,Помогите нашей школе получить новый санузел или продукцию Domestos!,https://www.promonado.ru/domestos-schools/?voteid=799,"МБОУ «СОШ № 1», улица Менделеева, дом 20",ajax/popup-school.php?id=799&sort_type=1,ajax/popup-subscribe.php?id=799,1232,repair
winner_reconstruction.png,,162,thumb/5C6F0E3B-20AB-4360-B53E-135FA6716ADA.jpg,,,Помогите нашей школе получить новый санузел или продукцию Domestos!,https://www.promonado.ru/domestos-schools/pic/share.jpg,Помогите нашей школе получить новый санузел или продукцию Domestos!,https://www.promonado.ru/domestos-schools/?voteid=162,"МБОУ""Лицей 44"" .ул.Баумана, 10",ajax/popup-school.php?id=162&sort_type=1,ajax/popup-subscribe.php?id=162,1185,repair
winner_reconstruction.png,,133,thumb/381E56BB-031F-4453-BCB5-297DED8B69E1.jpg,,,Помогите нашей школе получить новый санузел или продукцию Domestos!,https://www.promonado.ru/domestos-schools/pic/share.jpg,Помогите нашей школе получить новый санузел или продукцию Domestos!,https://www.promonado.ru/domestos-schools/?voteid=133,"Кемеровская область, город Междуреченск, улица Пушкина, 14; Муниципальное бюджетное общеобразовательное учреждение ""Средняя общеобразовательная школа № 19 с углубленным изучением отдельных предметов""",ajax/popup-school.php?id=133&sort_type=1,ajax/popup-subscribe.php?id=133,980,repair
winner_reconstruction.png,,184,thumb/3DAEA862-6038-4385-9108-A967FA6D643D.jpg,,,Помогите нашей школе получить новый санузел или продукцию Domestos!,https://www.promonado.ru/domestos-schools/pic/share.jpg,Помогите нашей школе получить новый санузел или продукцию Domestos!,https://www.promonado.ru/domestos-schools/?voteid=184,"Ростовская область, Азовский район. Ст. Елизаветинская. Ул. Павших Байцов 1",ajax/popup-school.php?id=184&sort_type=1,ajax/popup-subscribe.php?id=184,880,repair
winner_reconstruction.png,,818,thumb/29BA450C-2506-42C7-90B5-2FB58CDE74B3.jpg,,,Помогите нашей школе получить новый санузел или продукцию Domestos!,https://www.promonado.ru/domestos-schools/pic/share.jpg,Помогите нашей школе получить новый санузел или продукцию Domestos!,https://www.promonado.ru/domestos-schools/?voteid=818,"МОУ СШ N103 Советского района Волгограда, г.Волгоград, пр-т Университетский, 88",ajax/popup-school.php?id=818&sort_type=1,ajax/popup-subscribe.php?id=818,602,repair
winner_reconstruction.png,,327,thumb/53E07AA7-E2A6-40ED-B622-FED478A8A745.jpg,,,Помогите нашей школе получить новый санузел или продукцию Domestos!,https://www.promonado.ru/domestos-schools/pic/share.jpg,Помогите нашей школе получить новый санузел или продукцию Domestos!,https://www.promonado.ru/domestos-schools/?voteid=327,Башкортостан г. Нефтекамск ул. Социалистическая 54 а МОАУ СОШ 6,ajax/popup-school.php?id=327&sort_type=1,ajax/popup-subscribe.php?id=327,510,repair
winner_domestos.png,,239,thumb/F1C2E87C-5861-4C56-99D0-A4719773CBAD.jpg,,,Помогите нашей школе получить новый санузел или продукцию Domestos!,https://www.promonado.ru/domestos-schools/pic/share.jpg,Помогите нашей школе получить новый санузел или продукцию Domestos!,https://www.promonado.ru/domestos-schools/?voteid=239,"МБОУ ""Лицей""",ajax/popup-school.php?id=239&sort_type=1,ajax/popup-subscribe.php?id=239,403,reserve
winner_domestos.png,,336,thumb/275A8FB2-672E-491E-B818-2586E48C67FE.jpg,,,Помогите нашей школе получить новый санузел или продукцию Domestos!,https://www.promonado.ru/domestos-schools/pic/share.jpg,Помогите нашей школе получить новый санузел или продукцию Domestos!,https://www.promonado.ru/domestos-schools/?voteid=336,"МОУ СОШ р.п. Старотимошкино МО ""Барышский район"" 433742, Ульяновская область, Барышский район,  р.п.  Старотимошкино, ул. Садовая, д.2",ajax/popup-school.php?id=336&sort_type=1,ajax/popup-subscribe.php?id=336,402,reserve
winner_domestos.png,,278,thumb/0305746D-7EB6-45A0-80C9-4CF011F7AA29.jpg,,,Помогите нашей школе получить новый санузел или продукцию Domestos!,https://www.promonado.ru/domestos-schools/pic/share.jpg,Помогите нашей школе получить новый санузел или продукцию Domestos!,https://www.promonado.ru/domestos-schools/?voteid=278,"МБОУ ""Лицей 73"". г. Барнаул ул Антона Петрова 150",ajax/popup-school.php?id=278&sort_type=1,ajax/popup-subscribe.php?id=278,396,reserve
winner_domestos.png,,226,thumb/3B485FE7-230A-4F16-9C07-0C6EF6A6D582.jpg,,,Помогите нашей школе получить новый санузел или продукцию Domestos!,https://www.promonado.ru/domestos-schools/pic/share.jpg,Помогите нашей школе получить новый санузел или продукцию Domestos!,https://www.promonado.ru/domestos-schools/?voteid=226,"МОУ гимназия №14. 142613, Московская область, г. Орехово-Зуево, ул. Набережная, д. 15",ajax/popup-school.php?id=226&sort_type=1,ajax/popup-subscribe.php?id=226,384,reserve
winner_domestos.png,,824,thumb/ADDEB23B-8096-4D96-BE13-711F26713CCC.jpg,,,Помогите нашей школе получить новый санузел или продукцию Domestos!,https://www.promonado.ru/domestos-schools/pic/share.jpg,Помогите нашей школе получить новый санузел или продукцию Domestos!,https://www.promonado.ru/domestos-schools/?voteid=824,МБОУ СОШ 85 ул Оружейника Драгунова д.74,ajax/popup-school.php?id=824&sort_type=1,ajax/popup-subscribe.php?id=824,353,reserve
winner_domestos.png,,130,thumb/DFABBD5E-BB12-4195-9CD5-D83BB17AFD12.jpg,,,Помогите нашей школе получить новый санузел или продукцию Domestos!,https://www.promonado.ru/domestos-schools/pic/share.jpg,Помогите нашей школе получить новый санузел или продукцию Domestos!,https://www.promonado.ru/domestos-schools/?voteid=130,"МАОУ ""Школа № 79 им.Н.А.Зайцева"" Зайцева 18а",ajax/popup-school.php?id=130&sort_type=1,ajax/popup-subscribe.php?id=130,280,reserve
winner_domestos.png,149,739,thumb/CF911F83-CF90-4C10-B8AC-BF137AAE323D.jpg,12,1,Помогите нашей школе получить новый санузел или продукцию Domestos!,https://www.promonado.ru/domestos-schools/pic/share.jpg,Помогите нашей школе получить новый санузел или продукцию Domestos!,https://www.promonado.ru/domestos-schools/?voteid=739,"Челябинская область г. Аша ул. Фрунзе д.34. МКОУ ""СОШ № 9 г. Аши (с профессиональным обучением)""",ajax/popup-school.php?id=739&sort_type=1,ajax/popup-subscribe.php?id=739,275,reserve
winner_domestos.png,,145,thumb/CE2F7383-9EED-4A9D-8289-6C22BB6C99AC.jpg,,,Помогите нашей школе получить новый санузел или продукцию Domestos!,https://www.promonado.ru/domestos-schools/pic/share.jpg,Помогите нашей школе получить новый санузел или продукцию Domestos!,https://www.promonado.ru/domestos-schools/?voteid=145,"670033, Республика Бурятия, г. Улан-Удэ, ул. Жердева, 122""МАОУ СОШ № 32 г. Улан-Удэ""",ajax/popup-school.php?id=145&sort_type=1,ajax/popup-subscribe.php?id=145,268,reserve
winner_domestos.png,,137,thumb/CB643E46-9A1B-4382-85B1-E0F61A5BEFE6.jpg,,,Помогите нашей школе получить новый санузел или продукцию Domestos!,https://www.promonado.ru/domestos-schools/pic/share.jpg,Помогите нашей школе получить новый санузел или продукцию Domestos!,https://www.promonado.ru/domestos-schools/?voteid=137,"Ул. Чкалова 15, средняя школа 58",ajax/popup-school.php?id=137&sort_type=1,ajax/popup-subscribe.php?id=137,227,reserve
winner_domestos.png,,654,thumb/D1730812-5C2C-4A03-BFA9-66FC29916A06.jpg,,,Помогите нашей школе получить новый санузел или продукцию Domestos!,https://www.promonado.ru/domestos-schools/pic/share.jpg,Помогите нашей школе получить новый санузел или продукцию Domestos!,https://www.promonado.ru/domestos-schools/?voteid=654,"677000 Республика Саха (Якутия), город Якутск, ул. Богатырева 2. МОБУ СОШ #21",ajax/popup-school.php?id=654&sort_type=1,ajax/popup-subscribe.php?id=654,193,reserve
winner_domestos.png,,195,thumb/5EB7E051-9EEA-4DF0-8CF1-88523F7F35AA.jpg,,,Помогите нашей школе получить новый санузел или продукцию Domestos!,https://www.promonado.ru/domestos-schools/pic/share.jpg,Помогите нашей школе получить новый санузел или продукцию Domestos!,https://www.promonado.ru/domestos-schools/?voteid=195,"Кемеровская область-Кузбасс, Муниципальное бюджетное общеобразовательное учреждение ""Гимназия 24""",ajax/popup-school.php?id=195&sort_type=1,ajax/popup-subscribe.php?id=195,189,reserve
winner_domestos.png,,127,thumb/F45BD868-6298-40FB-9886-91EC5A61DAA9.jpg,,,Помогите нашей школе получить новый санузел или продукцию Domestos!,https://www.promonado.ru/domestos-schools/pic/share.jpg,Помогите нашей школе получить новый санузел или продукцию Domestos!,https://www.promonado.ru/domestos-schools/?voteid=127,"601502, Владимирская область, г. Гусь-Хрустальный, Ул. Менделеева, д. 20 Муниципальное бюджетное общеобразовательное учреждение «Средняя Общеобразовательная школа № 1»",ajax/popup-school.php?id=127&sort_type=1,ajax/popup-subscribe.php?id=127,172,reserve
winner_domestos.png,,304,thumb/77B50267-E8CC-4A4A-943E-4038C6DBE34E.jpg,,,Помогите нашей школе получить новый санузел или продукцию Domestos!,https://www.promonado.ru/domestos-schools/pic/share.jpg,Помогите нашей школе получить новый санузел или продукцию Domestos!,https://www.promonado.ru/domestos-schools/?voteid=304,"Яворского 5а, МБОУ ""Школа № 54""",ajax/popup-school.php?id=304&sort_type=1,ajax/popup-subscribe.php?id=304,161,reserve
winner_domestos.png,,737,thumb/A8357410-524F-4030-B71B-A2A1BDE1C115.jpg,,,Помогите нашей школе получить новый санузел или продукцию Domestos!,https://www.promonado.ru/domestos-schools/pic/share.jpg,Помогите нашей школе получить новый санузел или продукцию Domestos!,https://www.promonado.ru/domestos-schools/?voteid=737,"Челябинская область, город Аша, ул. имени Героя России Конопелькина, д. № 1 МКОУ ""СОШ № 4 им. Героя России Конопелькина Е.Н."" г. Аши""",ajax/popup-school.php?id=737&sort_type=1,ajax/popup-subscribe.php?id=737,159,reserve
winner_domestos.png,,733,thumb/22291FF4-D4EC-4392-9648-3E38AB416EC0.jpg,,,Помогите нашей школе получить новый санузел или продукцию Domestos!,https://www.promonado.ru/domestos-schools/pic/share.jpg,Помогите нашей школе получить новый санузел или продукцию Domestos!,https://www.promonado.ru/domestos-schools/?voteid=733,"456007 Челябинская область Ашинский район город Миньяр улица Ленина дом 94. Муниципальное казенное общеобразовательное учреждение ""Средняя общеобразовательная школа № 4"" города Миньяра Ашинского муниципального района Челябинской области",ajax/popup-school.php?id=733&sort_type=1,ajax/popup-subscribe.php?id=733,156,reserve
winner_domestos.png,,180,thumb/4B06AD1F-5DA4-42C7-9ED8-6AEF8C7C4B37.jpg,,,Помогите нашей школе получить новый санузел или продукцию Domestos!,https://www.promonado.ru/domestos-schools/pic/share.jpg,Помогите нашей школе получить новый санузел или продукцию Domestos!,https://www.promonado.ru/domestos-schools/?voteid=180,"МОУ ""Тумская СОШ № 3"" Адрес: Рязанская область, Клепиковский район, рп Тума, ул. Советская д. 76А",ajax/popup-school.php?id=180&sort_type=1,ajax/popup-subscribe.php?id=180,151,reserve
winner_domestos.png,,182,thumb/24F703D5-107B-44AA-A59E-358971E9025F.jpg,,,Помогите нашей школе получить новый санузел или продукцию Domestos!,https://www.promonado.ru/domestos-schools/pic/share.jpg,Помогите нашей школе получить новый санузел или продукцию Domestos!,https://www.promonado.ru/domestos-schools/?voteid=182,"МБОУ ""СОШ № 72 г. Владивостока""",ajax/popup-school.php?id=182&sort_type=1,ajax/popup-subscribe.php?id=182,143,reserve
winner_domestos.png,,846,thumb/0E34E74C-9DB8-4F22-A530-30DF48976730.jpg,,,Помогите нашей школе получить новый санузел или продукцию Domestos!,https://www.promonado.ru/domestos-schools/pic/share.jpg,Помогите нашей школе получить новый санузел или продукцию Domestos!,https://www.promonado.ru/domestos-schools/?voteid=846,"Краснодарский край, Анапский район, с.Супсех, пер.Парковый 20 МБОУСОШ11 им С.М.Жолоба",ajax/popup-school.php?id=846&sort_type=1,ajax/popup-subscribe.php?id=846,136,reserve
winner_domestos.png,149,314,thumb/9068C1F8-E854-4795-B428-CFBE8A3DE243.jpg,12,2,Помогите нашей школе получить новый санузел или продукцию Domestos!,https://www.promonado.ru/domestos-schools/pic/share.jpg,Помогите нашей школе получить новый санузел или продукцию Domestos!,https://www.promonado.ru/domestos-schools/?voteid=314,Лицей №1,ajax/popup-school.php?id=314&sort_type=1,ajax/popup-subscribe.php?id=314,118,reserve
winner_domestos.png,,169,thumb/7C1AAB3B-81EC-4A3C-9AAE-4B71EBA69F47.jpg,,,Помогите нашей школе получить новый санузел или продукцию Domestos!,https://www.promonado.ru/domestos-schools/pic/share.jpg,Помогите нашей школе получить новый санузел или продукцию Domestos!,https://www.promonado.ru/domestos-schools/?voteid=169,МАОУ СОШ #3 п. Двуреченск,ajax/popup-school.php?id=169&sort_type=1,ajax/popup-subscribe.php?id=169,104,reserve
winner_domestos.png,,244,thumb/000E6EA8-02F4-4279-9E38-DD6C2BBCEDFD.jpg,,,Помогите нашей школе получить новый санузел или продукцию Domestos!,https://www.promonado.ru/domestos-schools/pic/share.jpg,Помогите нашей школе получить новый санузел или продукцию Domestos!,https://www.promonado.ru/domestos-schools/?voteid=244,Гимназия 12 ул. Прибалтийская 1а,ajax/popup-school.php?id=244&sort_type=1,ajax/popup-subscribe.php?id=244,102,reserve
winner_domestos.png,,160,thumb/335B0736-B799-4C50-A37D-9F5DBADECDA3.jpg,,,Помогите нашей школе получить новый санузел или продукцию Domestos!,https://www.promonado.ru/domestos-schools/pic/share.jpg,Помогите нашей школе получить новый санузел или продукцию Domestos!,https://www.promonado.ru/domestos-schools/?voteid=160,"МБОУ ""СОШ4"", Республика Калмыкия, г. Элиста, улица Илишкина, 16",ajax/popup-school.php?id=160&sort_type=1,ajax/popup-subscribe.php?id=160,94,reserve
winner_domestos.png,,890,thumb/62396B15-1FEC-44AD-82A3-35344CE15A6E.jpg,,,Помогите нашей школе получить новый санузел или продукцию Domestos!,https://www.promonado.ru/domestos-schools/pic/share.jpg,Помогите нашей школе получить новый санузел или продукцию Domestos!,https://www.promonado.ru/domestos-schools/?voteid=890,"Г. Волгоград, ул. им. К. Симонова 20 а, МОУ ""Гимназия 11 Дзержинского района Волгограда""",ajax/popup-school.php?id=890&sort_type=1,ajax/popup-subscribe.php?id=890,92,reserve
winner_domestos.png,,135,thumb/3F647A8D-2D19-43E7-9947-8F415FFA118B.jpg,,,Помогите нашей школе получить новый санузел или продукцию Domestos!,https://www.promonado.ru/domestos-schools/pic/share.jpg,Помогите нашей школе получить новый санузел или продукцию Domestos!,https://www.promonado.ru/domestos-schools/?voteid=135,"Екатеринбург, Лунная 5а. МБОУСОШ 98",ajax/popup-school.php?id=135&sort_type=1,ajax/popup-subscribe.php?id=135,92,reserve
winner_domestos.png,,725,thumb/ADB5D593-EA59-4A94-9BC0-0583C2ED4055.jpg,,,Помогите нашей школе получить новый санузел или продукцию Domestos!,https://www.promonado.ru/domestos-schools/pic/share.jpg,Помогите нашей школе получить новый санузел или продукцию Domestos!,https://www.promonado.ru/domestos-schools/?voteid=725,"пр Ленина 60 Муниципальное общеобразовательное бюджетное учреждение ""Средняя общеобразовательная школа №3""",ajax/popup-school.php?id=725&sort_type=1,ajax/popup-subscribe.php?id=725,87,reserve
winner_domestos.png,,321,thumb/A95D823B-92B7-46CC-AFC1-1F3F97B0E455.jpg,,,Помогите нашей школе получить новый санузел или продукцию Domestos!,https://www.promonado.ru/domestos-schools/pic/share.jpg,Помогите нашей школе получить новый санузел или продукцию Domestos!,https://www.promonado.ru/domestos-schools/?voteid=321,Нефтекамск Социалистическая 66 В СОШ 11,ajax/popup-school.php?id=321&sort_type=1,ajax/popup-subscribe.php?id=321,81,reserve
winner_domestos.png,,272,thumb/0A1161C9-325C-4F4D-8E89-826257A19415.jpg,,,Помогите нашей школе получить новый санузел или продукцию Domestos!,https://www.promonado.ru/domestos-schools/pic/share.jpg,Помогите нашей школе получить новый санузел или продукцию Domestos!,https://www.promonado.ru/domestos-schools/?voteid=272,"МКОУ ""Гимназия с. Знамека""",ajax/popup-school.php?id=272&sort_type=1,ajax/popup-subscribe.php?id=272,79,reserve
winner_domestos.png,,891,thumb/886C201B-1EFF-4BA6-8537-9A5F8C6CC21D.jpg,,,Помогите нашей школе получить новый санузел или продукцию Domestos!,https://www.promonado.ru/domestos-schools/pic/share.jpg,Помогите нашей школе получить новый санузел или продукцию Domestos!,https://www.promonado.ru/domestos-schools/?voteid=891,"МАОУ ""СОШ №4"", мкр. 9, дом 67",ajax/popup-school.php?id=891&sort_type=1,ajax/popup-subscribe.php?id=891,76,reserve
winner_domestos.png,,844,thumb/D91BCA78-E5DB-4C6E-9D11-6DFA233B353C.jpg,,,Помогите нашей школе получить новый санузел или продукцию Domestos!,https://www.promonado.ru/domestos-schools/pic/share.jpg,Помогите нашей школе получить новый санузел или продукцию Domestos!,https://www.promonado.ru/domestos-schools/?voteid=844,"МБОУ СШ 27 - Красноярск , Ул.Конституции СССР, 19",ajax/popup-school.php?id=844&sort_type=1,ajax/popup-subscribe.php?id=844,72,reserve
winner_domestos.png,,798,thumb/CF5FA0E5-D53C-4D43-8416-1EBD6E94CF13.jpg,,,Помогите нашей школе получить новый санузел или продукцию Domestos!,https://www.promonado.ru/domestos-schools/pic/share.jpg,Помогите нашей школе получить новый санузел или продукцию Domestos!,https://www.promonado.ru/domestos-schools/?voteid=798,"Ул. Зеленая, д. 22, МБОУ Гимназия N16",ajax/popup-school.php?id=798&sort_type=1,ajax/popup-subscribe.php?id=798,71,reserve
winner_domestos.png,149,237,thumb/07B92FF4-521C-4E4B-BA86-DE3B93827952.jpg,12,3,Помогите нашей школе получить новый санузел или продукцию Domestos!,https://www.promonado.ru/domestos-schools/pic/share.jpg,Помогите нашей школе получить новый санузел или продукцию Domestos!,https://www.promonado.ru/domestos-schools/?voteid=237,"Карачаево-Черкесия Прикубанский район п. Кавказский ул. Татаркулова 3 МКОУ ""СОШ пос. Кавказский"" Д. А. Старикова",ajax/popup-school.php?id=237&sort_type=1,ajax/popup-subscribe.php?id=237,71,reserve
winner_domestos.png,,326,thumb/D2FDBBB7-087C-4326-90F9-60475833237D.jpg,,,Помогите нашей школе получить новый санузел или продукцию Domestos!,https://www.promonado.ru/domestos-schools/pic/share.jpg,Помогите нашей школе получить новый санузел или продукцию Domestos!,https://www.promonado.ru/domestos-schools/?voteid=326,"МОАУ средняя общеобразовательная школа № 3 городского округа город Нефтекамск, 452684, РБ, г. Нефтекамск, проспект Комсомольский, дом 17 ""Б""",ajax/popup-school.php?id=326&sort_type=1,ajax/popup-subscribe.php?id=326,64,reserve
winner_domestos.png,,263,thumb/62983502-33DB-4C05-BAF1-ECB36A43996C.jpg,,,Помогите нашей школе получить новый санузел или продукцию Domestos!,https://www.promonado.ru/domestos-schools/pic/share.jpg,Помогите нашей школе получить новый санузел или продукцию Domestos!,https://www.promonado.ru/domestos-schools/?voteid=263,"Санкт-Петербург, Купчинская, д.11, корп.4, ГБОУ школа 443",ajax/popup-school.php?id=263&sort_type=1,ajax/popup-subscribe.php?id=263,63,reserve
winner_domestos.png,,310,thumb/407B4E9B-99F3-4696-9A75-21C70C660E4C.jpg,,,Помогите нашей школе получить новый санузел или продукцию Domestos!,https://www.promonado.ru/domestos-schools/pic/share.jpg,Помогите нашей школе получить новый санузел или продукцию Domestos!,https://www.promonado.ru/domestos-schools/?voteid=310,"г. Омск, ул. Товстухо 5а, Начальная школа № 73",ajax/popup-school.php?id=310&sort_type=1,ajax/popup-subscribe.php?id=310,58,reserve
winner_domestos.png,,325,thumb/BECE4876-C195-4A3A-9E18-D8B20A060C90.jpg,,,Помогите нашей школе получить новый санузел или продукцию Domestos!,https://www.promonado.ru/domestos-schools/pic/share.jpg,Помогите нашей школе получить новый санузел или продукцию Domestos!,https://www.promonado.ru/domestos-schools/?voteid=325,"МОАУ СОШ 9, ул.Трактовая 35",ajax/popup-school.php?id=325&sort_type=1,ajax/popup-subscribe.php?id=325,57,reserve
winner_domestos.png,,316,thumb/17C9CC25-0997-43E7-AF8F-592FD705D786.jpg,,,Помогите нашей школе получить новый санузел или продукцию Domestos!,https://www.promonado.ru/domestos-schools/pic/share.jpg,Помогите нашей школе получить новый санузел или продукцию Domestos!,https://www.promonado.ru/domestos-schools/?voteid=316,"Г. Нефтекамск, с. Энергетик, ул. Высоковольтная, д. 15 МОАУ СОШ №15 городского округа город Нефтекамск Республики Башкортостан",ajax/popup-school.php?id=316&sort_type=1,ajax/popup-subscribe.php?id=316,53,reserve
winner_domestos.png,,896,thumb/10F30552-7295-4E2F-B3C1-5250F9DB7C3B.jpg,,,Помогите нашей школе получить новый санузел или продукцию Domestos!,https://www.promonado.ru/domestos-schools/pic/share.jpg,Помогите нашей школе получить новый санузел или продукцию Domestos!,https://www.promonado.ru/domestos-schools/?voteid=896,Средняя общеобразовательная школа №6,ajax/popup-school.php?id=896&sort_type=1,ajax/popup-subscribe.php?id=896,53,reserve
winner_domestos.png,,157,thumb/BD89E994-DC44-4C2F-8CFC-084C1BB99BCD.jpg,,,Помогите нашей школе получить новый санузел или продукцию Domestos!,https://www.promonado.ru/domestos-schools/pic/share.jpg,Помогите нашей школе получить новый санузел или продукцию Domestos!,https://www.promonado.ru/domestos-schools/?voteid=157,"Ул.Грдины, 20, МБ НОУ ""Гимназия 48""",ajax/popup-school.php?id=157&sort_type=1,ajax/popup-subscribe.php?id=157,52,reserve
winner_domestos.png,,305,thumb/C9403351-D720-491C-BF1C-AD707B9A7D36.jpg,,,Помогите нашей школе получить новый санузел или продукцию Domestos!,https://www.promonado.ru/domestos-schools/pic/share.jpg,Помогите нашей школе получить новый санузел или продукцию Domestos!,https://www.promonado.ru/domestos-schools/?voteid=305,"МБОУ СОШ №179, г.Новосибирск, ул. Барьерная , д.8",ajax/popup-school.php?id=305&sort_type=1,ajax/popup-subscribe.php?id=305,51,reserve
winner_domestos.png,,819,thumb/914E5070-0738-4C98-88DD-FB52D6234450.jpg,,,Помогите нашей школе получить новый санузел или продукцию Domestos!,https://www.promonado.ru/domestos-schools/pic/share.jpg,Помогите нашей школе получить новый санузел или продукцию Domestos!,https://www.promonado.ru/domestos-schools/?voteid=819,174409 Новгородская область г.Боровичи  ул Школьный бульвар д.10  МАОУ СОШ №4,ajax/popup-school.php?id=819&sort_type=1,ajax/popup-subscribe.php?id=819,50,reserve
winner_domestos.png,,909,thumb/1834313D-0149-4DCA-B649-58DB92B59946.jpg,,,Помогите нашей школе получить новый санузел или продукцию Domestos!,https://www.promonado.ru/domestos-schools/pic/share.jpg,Помогите нашей школе получить новый санузел или продукцию Domestos!,https://www.promonado.ru/domestos-schools/?voteid=909,"Муниципальное бюджетное общеобразовательное учреждение ""Средняя общеобразовательная школа №60 г. Владивостока""",ajax/popup-school.php?id=909&sort_type=1,ajax/popup-subscribe.php?id=909,47,reserve
winner_domestos.png,,714,thumb/01B6AD1D-340B-4FC2-A4AD-B5CE556F2A8B.jpg,,,Помогите нашей школе получить новый санузел или продукцию Domestos!,https://www.promonado.ru/domestos-schools/pic/share.jpg,Помогите нашей школе получить новый санузел или продукцию Domestos!,https://www.promonado.ru/domestos-schools/?voteid=714,"Республика Коми, город Усинск, ул.Мира, д.11а МАУДО ""ЦДОД"" г.Усинска",ajax/popup-school.php?id=714&sort_type=1,ajax/popup-subscribe.php?id=714,44,reserve
winner_domestos.png,149,788,thumb/22459E90-569C-49FA-A230-371D0B3F0930.jpg,12,4,Помогите нашей школе получить новый санузел или продукцию Domestos!,https://www.promonado.ru/domestos-schools/pic/share.jpg,Помогите нашей школе получить новый санузел или продукцию Domestos!,https://www.promonado.ru/domestos-schools/?voteid=788,"413964, Саратовская область, Ивантеевский район, с. Яблоновый Гай, ул. Чапаева 47А",ajax/popup-school.php?id=788&sort_type=1,ajax/popup-subscribe.php?id=788,42,reserve
winner_domestos.png,,740,thumb/233337F1-62D9-4089-B544-B473F159875B.jpg,,,Помогите нашей школе получить новый санузел или продукцию Domestos!,https://www.promonado.ru/domestos-schools/pic/share.jpg,Помогите нашей школе получить новый санузел или продукцию Domestos!,https://www.promonado.ru/domestos-schools/?voteid=740,"Челябинская область Ашинский район г.Сим ул.Заводская 1 филиал МКОУ ""СОШ  №1"" г.Сим",ajax/popup-school.php?id=740&sort_type=1,ajax/popup-subscribe.php?id=740,38,reserve
winner_domestos.png,,899,thumb/64BF9D19-82D1-41F3-A40C-8A5079D96909.jpg,,,Помогите нашей школе получить новый санузел или продукцию Domestos!,https://www.promonado.ru/domestos-schools/pic/share.jpg,Помогите нашей школе получить новый санузел или продукцию Domestos!,https://www.promonado.ru/domestos-schools/?voteid=899,"Свердловская область,г.Екатеринбург.ул.Белореченская,д.25.  ШКОЛА #57",ajax/popup-school.php?id=899&sort_type=1,ajax/popup-subscribe.php?id=899,35,reserve
winner_domestos.png,,764,thumb/C11B52D0-248A-43F7-BC16-C3EAD0AF41E6.jpg,,,Помогите нашей школе получить новый санузел или продукцию Domestos!,https://www.promonado.ru/domestos-schools/pic/share.jpg,Помогите нашей школе получить новый санузел или продукцию Domestos!,https://www.promonado.ru/domestos-schools/?voteid=764,"Воронежская область, Эртильский район, г. Эртиль, ул. Первомайская, д.35. МКОУ ""Эртильская СОШ №1""",ajax/popup-school.php?id=764&sort_type=1,ajax/popup-subscribe.php?id=764,35,reserve
winner_domestos.png,,743,thumb/60F9E434-CD4E-4032-ACDB-107C86312CDC.jpg,,,Помогите нашей школе получить новый санузел или продукцию Domestos!,https://www.promonado.ru/domestos-schools/pic/share.jpg,Помогите нашей школе получить новый санузел или продукцию Domestos!,https://www.promonado.ru/domestos-schools/?voteid=743,"456011, Челябинская область, Ашинский район, г. Аша, ул. Танкистов , д. 15, Муниципальное казенное общеобразовательное  учреждение "" Ашинская школа- интернат № 5  для обучающихся с ограниченными возможностями здоровья""",ajax/popup-school.php?id=743&sort_type=1,ajax/popup-subscribe.php?id=743,31,reserve
winner_domestos.png,,755,thumb/8BD1D709-8606-4972-A3C6-CE36BA0E3497.jpg,,,Помогите нашей школе получить новый санузел или продукцию Domestos!,https://www.promonado.ru/domestos-schools/pic/share.jpg,Помогите нашей школе получить новый санузел или продукцию Domestos!,https://www.promonado.ru/domestos-schools/?voteid=755,"Мурманская область, г. Заполярный, Печенгского района ул. Крупской 2а, кабинет завучей",ajax/popup-school.php?id=755&sort_type=1,ajax/popup-subscribe.php?id=755,29,reserve
winner_domestos.png,,317,thumb/82A06FE5-FE30-4BAF-BF2D-184D047AA8A2.jpg,,,Помогите нашей школе получить новый санузел или продукцию Domestos!,https://www.promonado.ru/domestos-schools/pic/share.jpg,Помогите нашей школе получить новый санузел или продукцию Domestos!,https://www.promonado.ru/domestos-schools/?voteid=317,"Муниципальное общеобразовательное автономное учреждение        средняя общеобразовательная школа №12 городского округа  город Нефтекамск Республики Башкортостан452687, Республика Башкортостан, г.Нефтекамск. ул. К.Маркса 10Б",ajax/popup-school.php?id=317&sort_type=1,ajax/popup-subscribe.php?id=317,28,reserve
winner_domestos.png,,331,thumb/E7DACC9E-8B01-4AB5-B2AA-4E82DC36290A.jpg,,,Помогите нашей школе получить новый санузел или продукцию Domestos!,https://www.promonado.ru/domestos-schools/pic/share.jpg,Помогите нашей школе получить новый санузел или продукцию Domestos!,https://www.promonado.ru/domestos-schools/?voteid=331,"МОАУ СОШ 16 респ. Башкортостан, г.Нефтекамск, ул. Победы, д.10",ajax/popup-school.php?id=331&sort_type=1,ajax/popup-subscribe.php?id=331,27,reserve
winner_domestos.png,,205,thumb/F347DC25-4C69-41DC-BA26-D25EBC38EAC0.jpg,,,Помогите нашей школе получить новый санузел или продукцию Domestos!,https://www.promonado.ru/domestos-schools/pic/share.jpg,Помогите нашей школе получить новый санузел или продукцию Domestos!,https://www.promonado.ru/domestos-schools/?voteid=205,"Приморский край, Хасанский район, с.Барабаш, ул.Гагарина 25. МКОУ СОШ №2.",ajax/popup-school.php?id=205&sort_type=1,ajax/popup-subscribe.php?id=205,24,reserve
winner_domestos.png,,801,thumb/3EF2EC14-580F-41F8-B11C-B8F4D5786A01.jpg,,,Помогите нашей школе получить новый санузел или продукцию Domestos!,https://www.promonado.ru/domestos-schools/pic/share.jpg,Помогите нашей школе получить новый санузел или продукцию Domestos!,https://www.promonado.ru/domestos-schools/?voteid=801,Абдулхакима Исмаилова 9 а  Многопрофильный лицей 30,ajax/popup-school.php?id=801&sort_type=1,ajax/popup-subscribe.php?id=801,23,reserve
winner_domestos.png,,136,thumb/ED44E84A-41DF-4752-8B7B-6E880986798A.jpg,,,Помогите нашей школе получить новый санузел или продукцию Domestos!,https://www.promonado.ru/domestos-schools/pic/share.jpg,Помогите нашей школе получить новый санузел или продукцию Domestos!,https://www.promonado.ru/domestos-schools/?voteid=136,МКОУ СОШ п.Октябрьский Фаленского района Кировской области,ajax/popup-school.php?id=136&sort_type=1,ajax/popup-subscribe.php?id=136,21,reserve
winner_domestos.png,,131,thumb/01A75D28-808F-4797-925B-B18D0D2DA952.jpg,,,Помогите нашей школе получить новый санузел или продукцию Domestos!,https://www.promonado.ru/domestos-schools/pic/share.jpg,Помогите нашей школе получить новый санузел или продукцию Domestos!,https://www.promonado.ru/domestos-schools/?voteid=131,Средняя школа №11 Урицкого д 67 оф 273,ajax/popup-school.php?id=131&sort_type=1,ajax/popup-subscribe.php?id=131,20,reserve
winner_domestos.png,149,175,thumb/76B8574A-7B53-468C-A2D3-CD44231C5242.jpg,12,5,Помогите нашей школе получить новый санузел или продукцию Domestos!,https://www.promonado.ru/domestos-schools/pic/share.jpg,Помогите нашей школе получить новый санузел или продукцию Domestos!,https://www.promonado.ru/domestos-schools/?voteid=175,МБОУ СОШ 50 ул. Пушкинская,ajax/popup-school.php?id=175&sort_type=1,ajax/popup-subscribe.php?id=175,20,reserve
winner_domestos.png,,815,thumb/72BC5AF9-30E5-44E0-AE30-5DC2EDECD781.jpg,,,Помогите нашей школе получить новый санузел или продукцию Domestos!,https://www.promonado.ru/domestos-schools/pic/share.jpg,Помогите нашей школе получить новый санузел или продукцию Domestos!,https://www.promonado.ru/domestos-schools/?voteid=815,"ул.Героев Сибиряков,д. 5 ВУВК им. А.П. КиселевалеваП",ajax/popup-school.php?id=815&sort_type=1,ajax/popup-subscribe.php?id=815,19,reserve
winner_domestos.png,,125,thumb/2B0BF792-B963-48F5-A0C8-216E727E9603.jpg,,,Помогите нашей школе получить новый санузел или продукцию Domestos!,https://www.promonado.ru/domestos-schools/pic/share.jpg,Помогите нашей школе получить новый санузел или продукцию Domestos!,https://www.promonado.ru/domestos-schools/?voteid=125,"Муниципальное автономное общеобразовательное ""Средняя общеобразовательная школа № 37"" г.Улан-Удэ",ajax/popup-school.php?id=125&sort_type=1,ajax/popup-subscribe.php?id=125,19,reserve
winner_domestos.png,,848,thumb/6A20A594-6AD2-4431-B03D-487D47BC1515.jpg,,,Помогите нашей школе получить новый санузел или продукцию Domestos!,https://www.promonado.ru/domestos-schools/pic/share.jpg,Помогите нашей школе получить новый санузел или продукцию Domestos!,https://www.promonado.ru/domestos-schools/?voteid=848,"Краснодарский край, Крымский район, ст. Троицкая, ул. Партизанская 96 А",ajax/popup-school.php?id=848&sort_type=1,ajax/popup-subscribe.php?id=848,18,reserve
winner_domestos.png,,313,thumb/3D44CADC-76A1-4EDB-9D9D-4BAE3CFB7EF8.jpg,,,Помогите нашей школе получить новый санузел или продукцию Domestos!,https://www.promonado.ru/domestos-schools/pic/share.jpg,Помогите нашей школе получить новый санузел или продукцию Domestos!,https://www.promonado.ru/domestos-schools/?voteid=313,"Лесной, Дзержинского 1 а, МБОУ СОШ № 64",ajax/popup-school.php?id=313&sort_type=1,ajax/popup-subscribe.php?id=313,17,reserve
winner_domestos.png,,825,thumb/9CD9C8E2-FD4A-4022-AB67-6CA247A83276.jpg,,,Помогите нашей школе получить новый санузел или продукцию Domestos!,https://www.promonado.ru/domestos-schools/pic/share.jpg,Помогите нашей школе получить новый санузел или продукцию Domestos!,https://www.promonado.ru/domestos-schools/?voteid=825,"МБОУ Средняя школа № 3. г. Заволжье, ул. Пирогова, 10",ajax/popup-school.php?id=825&sort_type=1,ajax/popup-subscribe.php?id=825,17,reserve
winner_domestos.png,,598,thumb/26F1966A-D418-4DEB-9B13-451FB5EFFADF.jpg,,,Помогите нашей школе получить новый санузел или продукцию Domestos!,https://www.promonado.ru/domestos-schools/pic/share.jpg,Помогите нашей школе получить новый санузел или продукцию Domestos!,https://www.promonado.ru/domestos-schools/?voteid=598,"Опорная, 4. МБОУ ""Лицей 3""",ajax/popup-school.php?id=598&sort_type=1,ajax/popup-subscribe.php?id=598,17,reserve
winner_domestos.png,,850,thumb/8F31E72F-C428-4D31-9AA8-BCE4793F0D8E.jpg,,,Помогите нашей школе получить новый санузел или продукцию Domestos!,https://www.promonado.ru/domestos-schools/pic/share.jpg,Помогите нашей школе получить новый санузел или продукцию Domestos!,https://www.promonado.ru/domestos-schools/?voteid=850,"Башкортостан, город Белорецк, улица Мичурина дом 2; ГБОУ РЦДО для детей-инвалидов",ajax/popup-school.php?id=850&sort_type=1,ajax/popup-subscribe.php?id=850,14,reserve
winner_domestos.png,,270,thumb/B7D7703C-80AD-46D3-AFC3-78A348453650.jpg,,,Помогите нашей школе получить новый санузел или продукцию Domestos!,https://www.promonado.ru/domestos-schools/pic/share.jpg,Помогите нашей школе получить новый санузел или продукцию Domestos!,https://www.promonado.ru/domestos-schools/?voteid=270,"665709 Иркутская область г. Братск ул. Наймушина, 18 А",ajax/popup-school.php?id=270&sort_type=1,ajax/popup-subscribe.php?id=270,13,reserve
winner_domestos.png,,128,thumb/A28CBEA1-949B-45B0-A40B-F8641B2527C3.jpg,,,Помогите нашей школе получить новый санузел или продукцию Domestos!,https://www.promonado.ru/domestos-schools/pic/share.jpg,Помогите нашей школе получить новый санузел или продукцию Domestos!,https://www.promonado.ru/domestos-schools/?voteid=128,"423803, Набережные Челны, б-р Бумажников, д.3    Муниципальное бюджетное общеобразовательное учреждение «Средняя общеобразовательная школа №44 с углубленным изучением отдельных предметов»",ajax/popup-school.php?id=128&sort_type=1,ajax/popup-subscribe.php?id=128,13,reserve
winner_domestos.png,,189,thumb/6ADE839F-A5D2-4563-B64C-BD59972FE868.jpg,,,Помогите нашей школе получить новый санузел или продукцию Domestos!,https://www.promonado.ru/domestos-schools/pic/share.jpg,Помогите нашей школе получить новый санузел или продукцию Domestos!,https://www.promonado.ru/domestos-schools/?voteid=189,"Бульвар Луначарского, 11. МБУ ""Школа 71""",ajax/popup-school.php?id=189&sort_type=1,ajax/popup-subscribe.php?id=189,13,reserve
winner_domestos.png,,871,thumb/8A3B2A7B-EE38-49EF-8237-F888E4809EED.jpg,,,Помогите нашей школе получить новый санузел или продукцию Domestos!,https://www.promonado.ru/domestos-schools/pic/share.jpg,Помогите нашей школе получить новый санузел или продукцию Domestos!,https://www.promonado.ru/domestos-schools/?voteid=871,МБОУ СОШ 56,ajax/popup-school.php?id=871&sort_type=1,ajax/popup-subscribe.php?id=871,12,reserve
winner_domestos.png,149,881,thumb/9A7FFB5F-5C01-481F-9EA8-9C6F3C3975FB.jpg,12,6,Помогите нашей школе получить новый санузел или продукцию Domestos!,https://www.promonado.ru/domestos-schools/pic/share.jpg,Помогите нашей школе получить новый санузел или продукцию Domestos!,https://www.promonado.ru/domestos-schools/?voteid=881,"Краснодарский край, Славянский район, посёлок Совхозный, улица Полевая, д.1 МБОУ СОШ №6",ajax/popup-school.php?id=881&sort_type=1,ajax/popup-subscribe.php?id=881,11,reserve
winner_domestos.png,,172,thumb/E2874274-1451-43B6-A649-5B824F17857F.jpg,,,Помогите нашей школе получить новый санузел или продукцию Domestos!,https://www.promonado.ru/domestos-schools/pic/share.jpg,Помогите нашей школе получить новый санузел или продукцию Domestos!,https://www.promonado.ru/domestos-schools/?voteid=172,Школа № 15 г. Заволжье,ajax/popup-school.php?id=172&sort_type=1,ajax/popup-subscribe.php?id=172,9,reserve
winner_domestos.png,,156,thumb/823A3978-26E5-427C-B8AA-B9327BB37AEA.jpg,,,Помогите нашей школе получить новый санузел или продукцию Domestos!,https://www.promonado.ru/domestos-schools/pic/share.jpg,Помогите нашей школе получить новый санузел или продукцию Domestos!,https://www.promonado.ru/domestos-schools/?voteid=156,"МБОУ ""СОШ№2 им. Г.В. Кравченко"", Республика Коми, город Вуктыл, улица Коммунистическая, дом 11",ajax/popup-school.php?id=156&sort_type=1,ajax/popup-subscribe.php?id=156,8,reserve
winner_domestos.png,,285,thumb/64B2A68B-9EA4-4386-AD0E-CC0F52BBC629.jpg,,,Помогите нашей школе получить новый санузел или продукцию Domestos!,https://www.promonado.ru/domestos-schools/pic/share.jpg,Помогите нашей школе получить новый санузел или продукцию Domestos!,https://www.promonado.ru/domestos-schools/?voteid=285,"Волжский филиал МКОУ ""СОШ г.Нариманов""",ajax/popup-school.php?id=285&sort_type=1,ajax/popup-subscribe.php?id=285,7,reserve
winner_domestos.png,,139,thumb/6CFB35F8-2624-4E4B-B7BA-E76596C6719E.jpg,,,Помогите нашей школе получить новый санузел или продукцию Domestos!,https://www.promonado.ru/domestos-schools/pic/share.jpg,Помогите нашей школе получить новый санузел или продукцию Domestos!,https://www.promonado.ru/domestos-schools/?voteid=139,", 3-я Гражданская улица, дом 64, ""Школа № 1797",ajax/popup-school.php?id=139&sort_type=1,ajax/popup-subscribe.php?id=139,7,reserve
winner_domestos.png,,140,thumb/40D9F82A-C3CB-41F0-AD57-15FE798FA546.jpg,,,Помогите нашей школе получить новый санузел или продукцию Domestos!,https://www.promonado.ru/domestos-schools/pic/share.jpg,Помогите нашей школе получить новый санузел или продукцию Domestos!,https://www.promonado.ru/domestos-schools/?voteid=140,"БОУ г. Омска ""СОШ № 10"" 2-я Солнечная ул., 15",ajax/popup-school.php?id=140&sort_type=1,ajax/popup-subscribe.php?id=140,7,reserve
winner_domestos.png,,151,thumb/7EE166A5-4ACC-404C-A22B-B52136544D02.jpg,,,Помогите нашей школе получить новый санузел или продукцию Domestos!,https://www.promonado.ru/domestos-schools/pic/share.jpg,Помогите нашей школе получить новый санузел или продукцию Domestos!,https://www.promonado.ru/domestos-schools/?voteid=151,"МБОУ ""СШ № 58"" (ул.Дунаева, д.13)",ajax/popup-school.php?id=151&sort_type=1,ajax/popup-subscribe.php?id=151,7,reserve
winner_domestos.png,,758,thumb/DB9732D9-6F32-49F9-B9F7-EC22A8ADB109.jpg,,,Помогите нашей школе получить новый санузел или продукцию Domestos!,https://www.promonado.ru/domestos-schools/pic/share.jpg,Помогите нашей школе получить новый санузел или продукцию Domestos!,https://www.promonado.ru/domestos-schools/?voteid=758,"Город Кострома, улица Никитская, дом 70. Средняя общеобразовательная школа 38",ajax/popup-school.php?id=758&sort_type=1,ajax/popup-subscribe.php?id=758,7,reserve
winner_domestos.png,,252,thumb/064C7E7B-0A14-438B-AED5-E16F9AA153F8.jpg,,,Помогите нашей школе получить новый санузел или продукцию Domestos!,https://www.promonado.ru/domestos-schools/pic/share.jpg,Помогите нашей школе получить новый санузел или продукцию Domestos!,https://www.promonado.ru/domestos-schools/?voteid=252,"МБОУ «Средняя школа № 8"", г. Заволжье",ajax/popup-school.php?id=252&sort_type=1,ajax/popup-subscribe.php?id=252,7,reserve
winner_domestos.png,,820,thumb/992F55A1-78B3-4F4D-9B94-DD075C314B51.jpg,,,Помогите нашей школе получить новый санузел или продукцию Domestos!,https://www.promonado.ru/domestos-schools/pic/share.jpg,Помогите нашей школе получить новый санузел или продукцию Domestos!,https://www.promonado.ru/domestos-schools/?voteid=820,152010 Ярославская область Переславский район д.Горки ул.Центральная д.1 муниципальное общеобразовательное учреждение Горкинская основная школа,ajax/popup-school.php?id=820&sort_type=1,ajax/popup-subscribe.php?id=820,6,reserve
winner_domestos.png,,154,thumb/72656EB0-5285-4EF8-AC6A-8C2E84A05AD4.jpg,,,Помогите нашей школе получить новый санузел или продукцию Domestos!,https://www.promonado.ru/domestos-schools/pic/share.jpg,Помогите нашей школе получить новый санузел или продукцию Domestos!,https://www.promonado.ru/domestos-schools/?voteid=154,МБОУ школа 19 г. Кинешма ул. 50 - летия Комсомола д. 27,ajax/popup-school.php?id=154&sort_type=1,ajax/popup-subscribe.php?id=154,6,reserve
winner_domestos.png,,155,thumb/253D51AA-C19A-4F72-8986-823F77234455.jpg,,,Помогите нашей школе получить новый санузел или продукцию Domestos!,https://www.promonado.ru/domestos-schools/pic/share.jpg,Помогите нашей школе получить новый санузел или продукцию Domestos!,https://www.promonado.ru/domestos-schools/?voteid=155,"МОУ ""СОШ №3"", ул. Комсомольская, д.28",ajax/popup-school.php?id=155&sort_type=1,ajax/popup-subscribe.php?id=155,6,reserve
winner_domestos.png,149,190,thumb/7EF4654D-14DC-4EB7-94A5-4A1DD85CAC0B.jpg,12,7,Помогите нашей школе получить новый санузел или продукцию Domestos!,https://www.promonado.ru/domestos-schools/pic/share.jpg,Помогите нашей школе получить новый санузел или продукцию Domestos!,https://www.promonado.ru/domestos-schools/?voteid=190,"ул. Просторная, зд. 14/1  МОАУ ""СОШ № 69",ajax/popup-school.php?id=190&sort_type=1,ajax/popup-subscribe.php?id=190,6,reserve
winner_domestos.png,,567,thumb/288C7206-FD8F-4981-A6FB-43A857ED7E75.jpg,,,Помогите нашей школе получить новый санузел или продукцию Domestos!,https://www.promonado.ru/domestos-schools/pic/share.jpg,Помогите нашей школе получить новый санузел или продукцию Domestos!,https://www.promonado.ru/domestos-schools/?voteid=567,"Республика Башкортостан, г. Нефтекамск, ул. Карла Маркса, 18, МОАУ СОШ №10 ""Центр образования""",ajax/popup-school.php?id=567&sort_type=1,ajax/popup-subscribe.php?id=567,5,reserve
winner_domestos.png,,572,thumb/2E0BC523-11F7-48F7-94BE-47085D36E4F8.jpg,,,Помогите нашей школе получить новый санузел или продукцию Domestos!,https://www.promonado.ru/domestos-schools/pic/share.jpg,Помогите нашей школе получить новый санузел или продукцию Domestos!,https://www.promonado.ru/domestos-schools/?voteid=572,"г. Пермь, ул. Куйбышева, 83, МАОУ ""Открытая школа"" г. Перми",ajax/popup-school.php?id=572&sort_type=1,ajax/popup-subscribe.php?id=572,5,reserve
winner_domestos.png,,968,thumb/1E7A0ECD-77BB-4415-B43B-CEBE55ECBE2E.jpg,,,Помогите нашей школе получить новый санузел или продукцию Domestos!,https://www.promonado.ru/domestos-schools/pic/share.jpg,Помогите нашей школе получить новый санузел или продукцию Domestos!,https://www.promonado.ru/domestos-schools/?voteid=968,186804 респ.Карелия Ляскельская срелняя школа ул. Октябрьская д.42 А,ajax/popup-school.php?id=968&sort_type=1,ajax/popup-subscribe.php?id=968,5,reserve
winner_domestos.png,,213,thumb/C4A1C3D2-DE6D-4D89-B57B-D0F5BBA2757E.jpg,,,Помогите нашей школе получить новый санузел или продукцию Domestos!,https://www.promonado.ru/domestos-schools/pic/share.jpg,Помогите нашей школе получить новый санузел или продукцию Domestos!,https://www.promonado.ru/domestos-schools/?voteid=213,"СОШ N 3 п. Рудничный,  ул.Перовамайская, 11",ajax/popup-school.php?id=213&sort_type=1,ajax/popup-subscribe.php?id=213,4,reserve
winner_domestos.png,,214,thumb/22612E3D-DE42-4671-B91E-CCAAB5E75D2F.jpg,,,Помогите нашей школе получить новый санузел или продукцию Domestos!,https://www.promonado.ru/domestos-schools/pic/share.jpg,Помогите нашей школе получить новый санузел или продукцию Domestos!,https://www.promonado.ru/domestos-schools/?voteid=214,"МБОУ ""ЦЕНТР ОБРАЗОВАНИЯ 10"" ГОРОДСКОГО ОКРУГА Г. УФА РЕСПУБЛИКИ БАШКОРТОСТАН. Г.УФА , УЛ. ЗЕНЦОВА,51",ajax/popup-school.php?id=214&sort_type=1,ajax/popup-subscribe.php?id=214,4,reserve
winner_domestos.png,,277,thumb/EB248AF8-1AF6-4965-87AA-870C98A7E0EA.jpg,,,Помогите нашей школе получить новый санузел или продукцию Domestos!,https://www.promonado.ru/domestos-schools/pic/share.jpg,Помогите нашей школе получить новый санузел или продукцию Domestos!,https://www.promonado.ru/domestos-schools/?voteid=277,"ГБОУ Лицей города Сызрани. Ул. Соловьёва, 8",ajax/popup-school.php?id=277&sort_type=1,ajax/popup-subscribe.php?id=277,3,reserve
winner_domestos.png,,566,thumb/802BB80A-BFB7-490A-A6B6-EBCA7C506995.jpg,,,Помогите нашей школе получить новый санузел или продукцию Domestos!,https://www.promonado.ru/domestos-schools/pic/share.jpg,Помогите нашей школе получить новый санузел или продукцию Domestos!,https://www.promonado.ru/domestos-schools/?voteid=566,"454081, г. Челябинск, ул. Грибоедова, д. 2. МАОУ «Лицей № 102 г. Челябинска»",ajax/popup-school.php?id=566&sort_type=1,ajax/popup-subscribe.php?id=566,3,reserve
winner_domestos.png,,355,thumb/BD85B2AE-6B37-4B7F-9E4E-EB32ACFD3AC4.jpg,,,Помогите нашей школе получить новый санузел или продукцию Domestos!,https://www.promonado.ru/domestos-schools/pic/share.jpg,Помогите нашей школе получить новый санузел или продукцию Domestos!,https://www.promonado.ru/domestos-schools/?voteid=355,"Республика Башкортостан город Нефтекамск улица Дзержинского, 18;  МОАУ СОШ 14",ajax/popup-school.php?id=355&sort_type=1,ajax/popup-subscribe.php?id=355,3,reserve
winner_domestos.png,,926,thumb/04EFA457-615F-4E64-A9E5-42889EF31058.jpg,,,Помогите нашей школе получить новый санузел или продукцию Domestos!,https://www.promonado.ru/domestos-schools/pic/share.jpg,Помогите нашей школе получить новый санузел или продукцию Domestos!,https://www.promonado.ru/domestos-schools/?voteid=926,"МАОУ ""ООШ с. Плеханы"", Балаковский р-н, с. Плеханы, ул. Ленина, д. 171",ajax/popup-school.php?id=926&sort_type=1,ajax/popup-subscribe.php?id=926,3,reserve
winner_domestos.png,,965,thumb/2A8396A1-BAFC-4943-9626-85E15361A057.jpg,,,Помогите нашей школе получить новый санузел или продукцию Domestos!,https://www.promonado.ru/domestos-schools/pic/share.jpg,Помогите нашей школе получить новый санузел или продукцию Domestos!,https://www.promonado.ru/domestos-schools/?voteid=965,МБОУ СОШ номер 3 Р.П Линево Искитимского района Новосибирской области,ajax/popup-school.php?id=965&sort_type=1,ajax/popup-subscribe.php?id=965,3,reserve
winner_domestos.png,,971,thumb/67E3A1A5-40B1-4F9E-BF10-3BBADF7DFB88.jpg,,,Помогите нашей школе получить новый санузел или продукцию Domestos!,https://www.promonado.ru/domestos-schools/pic/share.jpg,Помогите нашей школе получить новый санузел или продукцию Domestos!,https://www.promonado.ru/domestos-schools/?voteid=971,"ул. Ленина, д.19, п.Суземка, Брянская область. МБОУ «СУЗЕМСКАЯ СОШ №2 ИМЕНИ ГЕНЕРАЛ-МАЙОРА АВИАЦИИ В.И.ДЕНИСОВА»",ajax/popup-school.php?id=971&sort_type=1,ajax/popup-subscribe.php?id=971,3,reserve
winner_domestos.png,149,225,thumb/ACC922D4-9D68-44B6-AE3A-D7498231019F.jpg,12,8,Помогите нашей школе получить новый санузел или продукцию Domestos!,https://www.promonado.ru/domestos-schools/pic/share.jpg,Помогите нашей школе получить новый санузел или продукцию Domestos!,https://www.promonado.ru/domestos-schools/?voteid=225,"МОБУ СОШ №1 ЛГО, Приморский край",ajax/popup-school.php?id=225&sort_type=1,ajax/popup-subscribe.php?id=225,3,reserve
winner_domestos.png,,862,thumb/2914A245-BA53-4BB4-BD2E-A94EAB6D4140.jpg,,,Помогите нашей школе получить новый санузел или продукцию Domestos!,https://www.promonado.ru/domestos-schools/pic/share.jpg,Помогите нашей школе получить новый санузел или продукцию Domestos!,https://www.promonado.ru/domestos-schools/?voteid=862,Приморский край г. Фокино МБОУ ООШ 257 ГО ЗАТО Фокино,ajax/popup-school.php?id=862&sort_type=1,ajax/popup-subscribe.php?id=862,2,reserve
winner_domestos.png,,882,thumb/8A3F24BA-E7F8-43D1-A0C6-F196D611BF85.jpg,,,Помогите нашей школе получить новый санузел или продукцию Domestos!,https://www.promonado.ru/domestos-schools/pic/share.jpg,Помогите нашей школе получить новый санузел или продукцию Domestos!,https://www.promonado.ru/domestos-schools/?voteid=882,"Нежнова 36, школа 30",ajax/popup-school.php?id=882&sort_type=1,ajax/popup-subscribe.php?id=882,2,reserve
winner_domestos.png,,941,thumb/2AE9DD01-140E-4D0D-8F05-C3D5E224ABBF.jpg,,,Помогите нашей школе получить новый санузел или продукцию Domestos!,https://www.promonado.ru/domestos-schools/pic/share.jpg,Помогите нашей школе получить новый санузел или продукцию Domestos!,https://www.promonado.ru/domestos-schools/?voteid=941,"МАОУ ""ООШ с. Плеханы"", Балаковский р-н, с. Плеханы, ул. Ленина, д. 171",ajax/popup-school.php?id=941&sort_type=1,ajax/popup-subscribe.php?id=941,2,reserve
winner_domestos.png,,746,thumb/7574282B-3C9C-41C7-855B-86DFCAC30477.jpg,,,Помогите нашей школе получить новый санузел или продукцию Domestos!,https://www.promonado.ru/domestos-schools/pic/share.jpg,Помогите нашей школе получить новый санузел или продукцию Domestos!,https://www.promonado.ru/domestos-schools/?voteid=746,"Ставропольский край, с.Красногвардейское, улица Школьная, 12",ajax/popup-school.php?id=746&sort_type=1,ajax/popup-subscribe.php?id=746,2,reserve
winner_domestos.png,,498,thumb/56617632-50AD-457A-89C2-4467FF58E68A.jpg,,,Помогите нашей школе получить новый санузел или продукцию Domestos!,https://www.promonado.ru/domestos-schools/pic/share.jpg,Помогите нашей школе получить новый санузел или продукцию Domestos!,https://www.promonado.ru/domestos-schools/?voteid=498,"452687, Республика Башкортостан, г.Нефтекамск, пер.Кувыкина, 10, МОАУ ""Гимназия N1"" ГО г.Нефтекамск РБ",ajax/popup-school.php?id=498&sort_type=1,ajax/popup-subscribe.php?id=498,2,reserve
winner_domestos.png,,268,thumb/0CAF7D0C-B56B-4086-8B60-6246EDC28DED.jpg,,,Помогите нашей школе получить новый санузел или продукцию Domestos!,https://www.promonado.ru/domestos-schools/pic/share.jpg,Помогите нашей школе получить новый санузел или продукцию Domestos!,https://www.promonado.ru/domestos-schools/?voteid=268,"369118, Карачаево-Черкесская Республика, Прикубанский район, п. Майский, ул Молодежная 21. МКОУ""СОШ пос Майский""",ajax/popup-school.php?id=268&sort_type=1,ajax/popup-subscribe.php?id=268,1,reserve
winner_domestos.png,,288,thumb/B3FE5573-3C99-49D5-ABA1-913664769464.jpg,,,Помогите нашей школе получить новый санузел или продукцию Domestos!,https://www.promonado.ru/domestos-schools/pic/share.jpg,Помогите нашей школе получить новый санузел или продукцию Domestos!,https://www.promonado.ru/domestos-schools/?voteid=288,МБОУ СОШ 41 ул. Юбилейная 5,ajax/popup-school.php?id=288&sort_type=1,ajax/popup-subscribe.php?id=288,1,reserve
winner_domestos.png,,308,thumb/D6EA9876-85B2-4CF9-B6B8-C372ABFF03FD.jpg,,,Помогите нашей школе получить новый санузел или продукцию Domestos!,https://www.promonado.ru/domestos-schools/pic/share.jpg,Помогите нашей школе получить новый санузел или продукцию Domestos!,https://www.promonado.ru/domestos-schools/?voteid=308,"г. Ставрополь, ул. Васякина 127А Муниципальное бюджетное общеобразовательное учреждение кадетская школа имени генерала Ермолова А.П. г. Ставрополя",ajax/popup-school.php?id=308&sort_type=1,ajax/popup-subscribe.php?id=308,1,reserve
winner_domestos.png,,576,thumb/5D556B52-42ED-4D6E-9062-746A4781A025.jpg,,,Помогите нашей школе получить новый санузел или продукцию Domestos!,https://www.promonado.ru/domestos-schools/pic/share.jpg,Помогите нашей школе получить новый санузел или продукцию Domestos!,https://www.promonado.ru/domestos-schools/?voteid=576,"Щорса, 8а; школа №13",ajax/popup-school.php?id=576&sort_type=1,ajax/popup-subscribe.php?id=576,1,reserve
winner_domestos.png,,332,thumb/AD5F52AD-8EAB-4A9C-A937-8D241533DF76.jpg,,,Помогите нашей школе получить новый санузел или продукцию Domestos!,https://www.promonado.ru/domestos-schools/pic/share.jpg,Помогите нашей школе получить новый санузел или продукцию Domestos!,https://www.promonado.ru/domestos-schools/?voteid=332,"МОАУ ""Башкирская гимназия""  Республика Башкортостан, город Нефтекамск, улица Ленина 84 А",ajax/popup-school.php?id=332&sort_type=1,ajax/popup-subscribe.php?id=332,1,reserve
winner_domestos.png,,138,thumb/03897B7B-ED39-49B2-AB6D-CCAF9CEE1752.jpg,,,Помогите нашей школе получить новый санузел или продукцию Domestos!,https://www.promonado.ru/domestos-schools/pic/share.jpg,Помогите нашей школе получить новый санузел или продукцию Domestos!,https://www.promonado.ru/domestos-schools/?voteid=138,"Знаменская улица, дом 12/4, ""Школа № 1080""",ajax/popup-school.php?id=138&sort_type=1,ajax/popup-subscribe.php?id=138,1,reserve
winner_domestos.png,149,923,thumb/E6D32262-B004-4B50-A6D6-D92AC3BA96A0.jpg,12,9,Помогите нашей школе получить новый санузел или продукцию Domestos!,https://www.promonado.ru/domestos-schools/pic/share.jpg,Помогите нашей школе получить новый санузел или продукцию Domestos!,https://www.promonado.ru/domestos-schools/?voteid=923,"Россия, Республика Дагестан, г. Дагестанские Огни, пл. Кирова , 5",ajax/popup-school.php?id=923&sort_type=1,ajax/popup-subscribe.php?id=923,1,reserve
winner_domestos.png,,159,thumb/4E5E09DD-C84F-4417-A340-4D3855CA03C3.jpg,,,Помогите нашей школе получить новый санузел или продукцию Domestos!,https://www.promonado.ru/domestos-schools/pic/share.jpg,Помогите нашей школе получить новый санузел или продукцию Domestos!,https://www.promonado.ru/domestos-schools/?voteid=159,"Забайкальский край г. Балей ул. Дарасунская 8 МКОУ""ООШ"" 4",ajax/popup-school.php?id=159&sort_type=1,ajax/popup-subscribe.php?id=159,1,reserve
winner_domestos.png,,938,thumb/331DF066-A54A-4E44-81FF-777E4E950C1A.jpg,,,Помогите нашей школе получить новый санузел или продукцию Domestos!,https://www.promonado.ru/domestos-schools/pic/share.jpg,Помогите нашей школе получить новый санузел или продукцию Domestos!,https://www.promonado.ru/domestos-schools/?voteid=938,ГБОУ Школа №1242,ajax/popup-school.php?id=938&sort_type=1,ajax/popup-subscribe.php?id=938,1,reserve
winner_domestos.png,,963,thumb/AC4E994C-AC4B-46BE-B073-A85A4F140896.jpg,,,Помогите нашей школе получить новый санузел или продукцию Domestos!,https://www.promonado.ru/domestos-schools/pic/share.jpg,Помогите нашей школе получить новый санузел или продукцию Domestos!,https://www.promonado.ru/domestos-schools/?voteid=963,"Интернациональная ул., 1, хутор Красная Балка, село Подлужное. Санаторная школа-интернат № 21",ajax/popup-school.php?id=963&sort_type=1,ajax/popup-subscribe.php?id=963,1,reserve
winner_domestos.png,,199,thumb/87BDCEA8-644F-4DFF-8CD2-FF56A03111FB.jpg,,,Помогите нашей школе получить новый санузел или продукцию Domestos!,https://www.promonado.ru/domestos-schools/pic/share.jpg,Помогите нашей школе получить новый санузел или продукцию Domestos!,https://www.promonado.ru/domestos-schools/?voteid=199,МБОУ СОШ  29,ajax/popup-school.php?id=199&sort_type=1,ajax/popup-subscribe.php?id=199,1,reserve
winner_domestos.png,,200,thumb/E209CB00-D449-4C04-AC48-04A88C670F24.jpg,,,Помогите нашей школе получить новый санузел или продукцию Domestos!,https://www.promonado.ru/domestos-schools/pic/share.jpg,Помогите нашей школе получить новый санузел или продукцию Domestos!,https://www.promonado.ru/domestos-schools/?voteid=200,"МБОУ ""СОШ №22"" ПГО692871, Приморский край, Партизанск г, Углекаменск с, Советская ул, дом № 39",ajax/popup-school.php?id=200&sort_type=1,ajax/popup-subscribe.php?id=200,1,reserve
winner_domestos.png,,232,thumb/0CF683D1-A4F5-410E-8F9F-D66294E85E6D.jpg,,,Помогите нашей школе получить новый санузел или продукцию Domestos!,https://www.promonado.ru/domestos-schools/pic/share.jpg,Помогите нашей школе получить новый санузел или продукцию Domestos!,https://www.promonado.ru/domestos-schools/?voteid=232,"МБОУ СОШ с.Ербогачен ,",ajax/popup-school.php?id=232&sort_type=1,ajax/popup-subscribe.php?id=232,1,reserve
winner_domestos.png,,753,thumb/06FE0370-CFAB-4227-BB50-55E1FEC95C65.jpg,,,Помогите нашей школе получить новый санузел или продукцию Domestos!,https://www.promonado.ru/domestos-schools/pic/share.jpg,Помогите нашей школе получить новый санузел или продукцию Domestos!,https://www.promonado.ru/domestos-schools/?voteid=753,"Гончарова 19, 52 лицей",ajax/popup-school.php?id=753&sort_type=1,ajax/popup-subscribe.php?id=753,1,reserve
winner_domestos.png,,256,thumb/FE20B0D3-9B05-4165-9426-6B9CF396CBE5.jpg,,,Помогите нашей школе получить новый санузел или продукцию Domestos!,https://www.promonado.ru/domestos-schools/pic/share.jpg,Помогите нашей школе получить новый санузел или продукцию Domestos!,https://www.promonado.ru/domestos-schools/?voteid=256,"РФ, Республика Башкортостан, г. Ишимбай, ул. Пролетарская, 27 МБОУ СОШ16",ajax/popup-school.php?id=256&sort_type=1,ajax/popup-subscribe.php?id=256,0,reserve
winner_domestos.png,,257,thumb/0EB434A8-A26A-4B5D-9F7F-F16635FB7476.jpg,,,Помогите нашей школе получить новый санузел или продукцию Domestos!,https://www.promonado.ru/domestos-schools/pic/share.jpg,Помогите нашей школе получить новый санузел или продукцию Domestos!,https://www.promonado.ru/domestos-schools/?voteid=257,"ул.Кавказская,д.17 МОУ ""СОШ № 40 им.Г.Д.Ермолаева""",ajax/popup-school.php?id=257&sort_type=1,ajax/popup-subscribe.php?id=257,0,reserve
winner_domestos.png,,260,thumb/386ADBC6-BDB2-4F9B-AE35-E50EE37FACCB.jpg,,,Помогите нашей школе получить новый санузел или продукцию Domestos!,https://www.promonado.ru/domestos-schools/pic/share.jpg,Помогите нашей школе получить новый санузел или продукцию Domestos!,https://www.promonado.ru/domestos-schools/?voteid=260,"ул. Пугачева,  18, МБОУ Змеиногорская СОШ 3",ajax/popup-school.php?id=260&sort_type=1,ajax/popup-subscribe.php?id=260,0,reserve
winner_domestos.png,,265,thumb/D1AD152B-2DEC-4118-A320-62F62FA3B8AA.jpg,,,Помогите нашей школе получить новый санузел или продукцию Domestos!,https://www.promonado.ru/domestos-schools/pic/share.jpg,Помогите нашей школе получить новый санузел или продукцию Domestos!,https://www.promonado.ru/domestos-schools/?voteid=265,"Улица Зоологическая, 28с1, ГБОУ ""Школа №1950",ajax/popup-school.php?id=265&sort_type=1,ajax/popup-subscribe.php?id=265,0,reserve
winner_domestos.png,149,266,thumb/96849C15-8858-4278-8391-9E7BD1CF74B2.jpg,12,10,Помогите нашей школе получить новый санузел или продукцию Domestos!,https://www.promonado.ru/domestos-schools/pic/share.jpg,Помогите нашей школе получить новый санузел или продукцию Domestos!,https://www.promonado.ru/domestos-schools/?voteid=266,"Московская область, Озёрский район, д. Емельяновка, ул. Садовая, МБОУ Емельяновская СОШ",ajax/popup-school.php?id=266&sort_type=1,ajax/popup-subscribe.php?id=266,0,reserve
winner_domestos.png,,299,thumb/6464E0F3-EC96-4F6C-8FD7-51B639FACBE4.jpg,,,Помогите нашей школе получить новый санузел или продукцию Domestos!,https://www.promonado.ru/domestos-schools/pic/share.jpg,Помогите нашей школе получить новый санузел или продукцию Domestos!,https://www.promonado.ru/domestos-schools/?voteid=299,"ул. Бульвар 30 лет Победы, 66а, СОШ  102",ajax/popup-school.php?id=299&sort_type=1,ajax/popup-subscribe.php?id=299,0,reserve
winner_domestos.png,,319,thumb/DC72FDF6-AC29-48E2-929C-025FCC13A1A7.jpg,,,Помогите нашей школе получить новый санузел или продукцию Domestos!,https://www.promonado.ru/domestos-schools/pic/share.jpg,Помогите нашей школе получить новый санузел или продукцию Domestos!,https://www.promonado.ru/domestos-schools/?voteid=319,МОАУ СОШ7 Ленина5б,ajax/popup-school.php?id=319&sort_type=1,ajax/popup-subscribe.php?id=319,0,reserve
winner_domestos.png,,322,thumb/8D28754E-8404-447A-AFF8-47AB42535869.jpg,,,Помогите нашей школе получить новый санузел или продукцию Domestos!,https://www.promonado.ru/domestos-schools/pic/share.jpg,Помогите нашей школе получить новый санузел или продукцию Domestos!,https://www.promonado.ru/domestos-schools/?voteid=322,"452684 Российская Федерация, Республика Башкортостан, город Нефтекамск, улица Социалистическая, дом 45В, МОАУ СОШ №2 ГО г. Нефтекамск",ajax/popup-school.php?id=322&sort_type=1,ajax/popup-subscribe.php?id=322,0,reserve
winner_domestos.png,,119,thumb/B442C495-3675-40FB-B303-3B2A329EBD5D.jpg,,,Помогите нашей школе получить новый санузел или продукцию Domestos!,https://www.promonado.ru/domestos-schools/pic/share.jpg,Помогите нашей школе получить новый санузел или продукцию Domestos!,https://www.promonado.ru/domestos-schools/?voteid=119,"Санкт-Петербург, Планерная ул. 69 к. 2 , 197373 , 246 школа",ajax/popup-school.php?id=119&sort_type=1,ajax/popup-subscribe.php?id=119,0,reserve
winner_domestos.png,,120,thumb/2F025CAA-6EA7-45BA-A146-9B68B1FEEEDF.jpg,,,Помогите нашей школе получить новый санузел или продукцию Domestos!,https://www.promonado.ru/domestos-schools/pic/share.jpg,Помогите нашей школе получить новый санузел или продукцию Domestos!,https://www.promonado.ru/domestos-schools/?voteid=120,Петрозаводская 137А,ajax/popup-school.php?id=120&sort_type=1,ajax/popup-subscribe.php?id=120,0,reserve
winner_domestos.png,,911,thumb/0C3C26B7-DD15-4C5C-A2B9-3899EF832540.jpg,,,Помогите нашей школе получить новый санузел или продукцию Domestos!,https://www.promonado.ru/domestos-schools/pic/share.jpg,Помогите нашей школе получить новый санузел или продукцию Domestos!,https://www.promonado.ru/domestos-schools/?voteid=911,МОУ Школа №8 им. А.С. Пушкина г. Черемхово,ajax/popup-school.php?id=911&sort_type=1,ajax/popup-subscribe.php?id=911,0,reserve
winner_domestos.png,,163,thumb/15979342-0F58-4B37-94C6-14E7DB236208.jpg,,,Помогите нашей школе получить новый санузел или продукцию Domestos!,https://www.promonado.ru/domestos-schools/pic/share.jpg,Помогите нашей школе получить новый санузел или продукцию Domestos!,https://www.promonado.ru/domestos-schools/?voteid=163,МБОУ Ближнепесоченская ОШ 1,ajax/popup-school.php?id=163&sort_type=1,ajax/popup-subscribe.php?id=163,0,reserve
winner_domestos.png,,931,thumb/6072E0B6-1970-4602-87C2-7946060B7207.jpg,,,Помогите нашей школе получить новый санузел или продукцию Domestos!,https://www.promonado.ru/domestos-schools/pic/share.jpg,Помогите нашей школе получить новый санузел или продукцию Domestos!,https://www.promonado.ru/domestos-schools/?voteid=931,"Школа № 1280; ул. Кржижановского, дом 30",ajax/popup-school.php?id=931&sort_type=1,ajax/popup-subscribe.php?id=931,0,reserve
winner_domestos.png,,164,thumb/440A1048-C85A-4A5A-B842-816B2532C9F8.jpg,,,Помогите нашей школе получить новый санузел или продукцию Domestos!,https://www.promonado.ru/domestos-schools/pic/share.jpg,Помогите нашей школе получить новый санузел или продукцию Domestos!,https://www.promonado.ru/domestos-schools/?voteid=164,Государственное бюджетное общеобразовательное учреждение Гимназия №227 Фрунзенского района Санкт-Петербурга,ajax/popup-school.php?id=164&sort_type=1,ajax/popup-subscribe.php?id=164,0,reserve
winner_domestos.png,,935,thumb/DC45CF09-A43F-459A-B55E-6E481DF5E1BA.jpg,,,Помогите нашей школе получить новый санузел или продукцию Domestos!,https://www.promonado.ru/domestos-schools/pic/share.jpg,Помогите нашей школе получить новый санузел или продукцию Domestos!,https://www.promonado.ru/domestos-schools/?voteid=935,"Таганрог, П.Тольятти 32/2, МОБУ СОШ №34",ajax/popup-school.php?id=935&sort_type=1,ajax/popup-subscribe.php?id=935,0,reserve
winner_domestos.png,,936,thumb/3D093E51-E70C-442D-B7EB-677EC5727689.jpg,,,Помогите нашей школе получить новый санузел или продукцию Domestos!,https://www.promonado.ru/domestos-schools/pic/share.jpg,Помогите нашей школе получить новый санузел или продукцию Domestos!,https://www.promonado.ru/domestos-schools/?voteid=936,"654005 г. Новокузнецк, ул. Покрышкина, 18, Муниципальное бюджетное общеобразовательное учреждение «Средняя общеобразовательная школа № 97» МБОУ «СОШ № 97»  Муниципальное бюджетное общеобразовательное учреждение «Средняя общеобразовательная школа № 97",ajax/popup-school.php?id=936&sort_type=1,ajax/popup-subscribe.php?id=936,0,reserve
winner_domestos.png,149,937,thumb/74F2B2D6-33FC-4322-8764-EA6B8BA29A20.jpg,12,11,Помогите нашей школе получить новый санузел или продукцию Domestos!,https://www.promonado.ru/domestos-schools/pic/share.jpg,Помогите нашей школе получить новый санузел или продукцию Domestos!,https://www.promonado.ru/domestos-schools/?voteid=937,"Геологоразведчиков, 14 Лицей №93",ajax/popup-school.php?id=937&sort_type=1,ajax/popup-subscribe.php?id=937,0,reserve
winner_domestos.png,,939,thumb/B5769879-D1B8-474A-9158-F539C8070513.jpg,,,Помогите нашей школе получить новый санузел или продукцию Domestos!,https://www.promonado.ru/domestos-schools/pic/share.jpg,Помогите нашей школе получить новый санузел или продукцию Domestos!,https://www.promonado.ru/domestos-schools/?voteid=939,"Энергетиков, 36, Школа №7",ajax/popup-school.php?id=939&sort_type=1,ajax/popup-subscribe.php?id=939,0,reserve
winner_domestos.png,,944,thumb/9514F70D-7148-4EEB-B668-D43C1D49882A.jpg,,,Помогите нашей школе получить новый санузел или продукцию Domestos!,https://www.promonado.ru/domestos-schools/pic/share.jpg,Помогите нашей школе получить новый санузел или продукцию Domestos!,https://www.promonado.ru/domestos-schools/?voteid=944,"МБОУ ""СОШ 71 п. Кедровый Красноярского края"" 66910, Красноярский край, п. Кедровый, ул. Багирова, 18",ajax/popup-school.php?id=944&sort_type=1,ajax/popup-subscribe.php?id=944,0,reserve
winner_domestos.png,,949,thumb/898F57E4-6CD6-4B0D-A097-6FB1A1A4F61F.jpg,,,Помогите нашей школе получить новый санузел или продукцию Domestos!,https://www.promonado.ru/domestos-schools/pic/share.jpg,Помогите нашей школе получить новый санузел или продукцию Domestos!,https://www.promonado.ru/domestos-schools/?voteid=949,"Комсомольская 191А, МАОУ Лицей №1",ajax/popup-school.php?id=949&sort_type=1,ajax/popup-subscribe.php?id=949,0,reserve
winner_domestos.png,,950,thumb/9C9F7D80-5818-48A7-81EF-1E884495F97B.jpg,,,Помогите нашей школе получить новый санузел или продукцию Domestos!,https://www.promonado.ru/domestos-schools/pic/share.jpg,Помогите нашей школе получить новый санузел или продукцию Domestos!,https://www.promonado.ru/domestos-schools/?voteid=950,Школа 630,ajax/popup-school.php?id=950&sort_type=1,ajax/popup-subscribe.php?id=950,0,reserve
winner_domestos.png,,183,thumb/5314EFB3-9768-4B02-8B17-613F27C2EDF8.jpg,,,Помогите нашей школе получить новый санузел или продукцию Domestos!,https://www.promonado.ru/domestos-schools/pic/share.jpg,Помогите нашей школе получить новый санузел или продукцию Domestos!,https://www.promonado.ru/domestos-schools/?voteid=183,"Ершова, д.55, к.1",ajax/popup-school.php?id=183&sort_type=1,ajax/popup-subscribe.php?id=183,0,reserve
winner_domestos.png,,954,thumb/9539705C-0612-4B17-A726-91F04357ABA5.jpg,,,Помогите нашей школе получить новый санузел или продукцию Domestos!,https://www.promonado.ru/domestos-schools/pic/share.jpg,Помогите нашей школе получить новый санузел или продукцию Domestos!,https://www.promonado.ru/domestos-schools/?voteid=954,"Ул. Школьная 15/6,школа 100",ajax/popup-school.php?id=954&sort_type=1,ajax/popup-subscribe.php?id=954,0,reserve
winner_domestos.png,,956,thumb/790425BB-0FBC-43EB-99DF-50A003A2F453.jpg,,,Помогите нашей школе получить новый санузел или продукцию Domestos!,https://www.promonado.ru/domestos-schools/pic/share.jpg,Помогите нашей школе получить новый санузел или продукцию Domestos!,https://www.promonado.ru/domestos-schools/?voteid=956,"г.Нефтекамск, ул.Ленина, 22В, Республиканский центр дистанционного образования детей-инвалидов",ajax/popup-school.php?id=956&sort_type=1,ajax/popup-subscribe.php?id=956,0,reserve
winner_domestos.png,,193,thumb/A503EC4D-F59C-4509-8D8C-1650699B38CA.jpg,,,Помогите нашей школе получить новый санузел или продукцию Domestos!,https://www.promonado.ru/domestos-schools/pic/share.jpg,Помогите нашей школе получить новый санузел или продукцию Domestos!,https://www.promonado.ru/domestos-schools/?voteid=193,"Ул.им.Клочкова В.Г., зд.85, стр.1",ajax/popup-school.php?id=193&sort_type=1,ajax/popup-subscribe.php?id=193,0,reserve
winner_domestos.png,,964,thumb/36F19767-12FD-412C-B9F9-7A6844CF4D65.jpg,,,Помогите нашей школе получить новый санузел или продукцию Domestos!,https://www.promonado.ru/domestos-schools/pic/share.jpg,Помогите нашей школе получить новый санузел или продукцию Domestos!,https://www.promonado.ru/domestos-schools/?voteid=964,"ГБОУ Школа 1002, Солнцевский проспект, 12а",ajax/popup-school.php?id=964&sort_type=1,ajax/popup-subscribe.php?id=964,0,reserve
winner_domestos.png,,966,thumb/CC484FE7-9DBD-4770-AA98-69C638EBAF55.jpg,,,Помогите нашей школе получить новый санузел или продукцию Domestos!,https://www.promonado.ru/domestos-schools/pic/share.jpg,Помогите нашей школе получить новый санузел или продукцию Domestos!,https://www.promonado.ru/domestos-schools/?voteid=966,"ул. Бойцовая, 25",ajax/popup-school.php?id=966&sort_type=1,ajax/popup-subscribe.php?id=966,0,reserve
winner_domestos.png,,967,thumb/B61AF797-BFA2-415B-B3D8-E163D3574081.jpg,,,Помогите нашей школе получить новый санузел или продукцию Domestos!,https://www.promonado.ru/domestos-schools/pic/share.jpg,Помогите нашей школе получить новый санузел или продукцию Domestos!,https://www.promonado.ru/domestos-schools/?voteid=967,"Лицей N2,  ул. Чайковского д. 14",ajax/popup-school.php?id=967&sort_type=1,ajax/popup-subscribe.php?id=967,0,reserve
winner_domestos.png,149,222,thumb/A3732031-792E-4A69-B282-5BF7AF54FCB7.jpg,12,12,Помогите нашей школе получить новый санузел или продукцию Domestos!,https://www.promonado.ru/domestos-schools/pic/share.jpg,Помогите нашей школе получить новый санузел или продукцию Domestos!,https://www.promonado.ru/domestos-schools/?voteid=222,Ул.Поярокова 8/2 школа 23,ajax/popup-school.php?id=222&sort_type=1,ajax/popup-subscribe.php?id=222,0,reserve
winner_domestos.png,,738,thumb/30A66A10-508E-4672-8538-BA778E6DD93B.jpg,,,Помогите нашей школе получить новый санузел или продукцию Domestos!,https://www.promonado.ru/domestos-schools/pic/share.jpg,Помогите нашей школе получить новый санузел или продукцию Domestos!,https://www.promonado.ru/domestos-schools/?voteid=738,"МКОУ ШР ""СОШ 1"" г.Шелехов квартал 3.",ajax/popup-school.php?id=738&sort_type=1,ajax/popup-subscribe.php?id=738,0,reserve
winner_domestos.png,,229,thumb/886DC63E-801B-449C-A701-C87490E63130.jpg,,,Помогите нашей школе получить новый санузел или продукцию Domestos!,https://www.promonado.ru/domestos-schools/pic/share.jpg,Помогите нашей школе получить новый санузел или продукцию Domestos!,https://www.promonado.ru/domestos-schools/?voteid=229,"Достоевского 77, МБОУ Гимназия 13 им ЭА Быкова",ajax/popup-school.php?id=229&sort_type=1,ajax/popup-subscribe.php?id=229,0,reserve
winner_domestos.png,,241,thumb/72577A5F-B434-49DA-9E1B-1B146E0FBC5B.jpg,,,Помогите нашей школе получить новый санузел или продукцию Domestos!,https://www.promonado.ru/domestos-schools/pic/share.jpg,Помогите нашей школе получить новый санузел или продукцию Domestos!,https://www.promonado.ru/domestos-schools/?voteid=241,Лицей 2 им. В.В. Разуваева ул. Победы 54,ajax/popup-school.php?id=241&sort_type=1,ajax/popup-subscribe.php?id=241,0,reserve
winner_domestos.png,,243,thumb/61EE00CA-BE8D-48E9-A490-09B70F448FE8.jpg,,,Помогите нашей школе получить новый санузел или продукцию Domestos!,https://www.promonado.ru/domestos-schools/pic/share.jpg,Помогите нашей школе получить новый санузел или продукцию Domestos!,https://www.promonado.ru/domestos-schools/?voteid=243,"Ул. Р. Зорге, д. 1а МБОУ ""Гимназия 8 - Центр образования""",ajax/popup-school.php?id=243&sort_type=1,ajax/popup-subscribe.php?id=243,0,reserve
